{"layer":"outside","defaultBuilding":"B1","buildings":{"B1":{"defaultFloor":"B1-UL0","displayIndex":0,"floors":{"B1-UL0":{"layer":"B1-UL0","stackGap":0,"stackHeightMin":0,"stackHeightMax":5,"levelIndex":0},"B1-UL1":{"layer":"B1-UL1","stackGap":0,"stackHeightMin":0,"stackHeightMax":5,"levelIndex":1}}},"B2":{"defaultFloor":"B2-UL0","displayIndex":0,"floors":{"B2-UL0":{"layer":"B2-UL0","stackGap":0,"stackHeightMin":0,"stackHeightMax":5,"levelIndex":0},"B2-UL1":{"layer":"B2-UL1","stackGap":0,"stackHeightMin":0,"stackHeightMax":0.25,"levelIndex":1}}}},"version":1}