<?xml version="1.0" encoding="UTF-8"?>
<vgconfig version="2">
    <init mode="mapMode"/>
    <flags>
        <flag name="distanceFactor" value="0.3" />
        <flag name="noUnload" value="1" />
        <flag name="mapDebugLabels" value="0" />
        <flag name="mapLabelOrientation" value="eFaceUpOrDown" />
        <flag name="updateFrameRateLimit" value="-1" />
        <flag name="renderFrameRateLimit" value="-1" />
    </flags>
    <vg2DManipulator maxAltitude="2000.0" minAltitude="20" doubleFingerYawing="on" />
    <camera pitch="-60.0" yaw="40.743012621432"/>
    <resources>
        <databases>
            <database resource="mauritiusmallbagatelle.20161115.sqlite"/>
        </databases>
        <models>
            <model id="PalmierLowPoly" resource="PalmierLowPoly.vsg4"/>
            <model id="outside_building00" resource="outside_building00.vsg4"/>
            <model id="outside_building01" resource="outside_building01.vsg4"/>
        </models>
    </resources>
    <datasets>
        <dataset name="0" pickTags="floor" dynamicClipping="on">
            <background color1="0x000000ff" color2="0x000000ff"/>
            <camera x="0.0" y="0.0" height="700.0"/>
            <layer name="outside" semanticTag="floor" type="VgSimpleLayer" archive="data/mauritiusmallbagatelle.outside.20161115.bin" distancePolicy="eWorldAxisZ" LODFactor="0.25" loadFactor="0.025">
                <model id="B1" resource="outside_building00" transform=""/>
                <model id="B2" resource="outside_building01" transform=""/>
            </layer>
            <layer name="B1-UL0" semanticTag="floor" type="VgSimpleLayer" archive="data/mauritiusmallbagatelle.B1-UL0.20161115.bin" distancePolicy="eWorldAxisZ" LODFactor="0.25" loadFactor="0.025">
                <model resource="PalmierLowPoly" transform="translate(-51.11680436667,-56.243225301377,0)*rotateZ(40.743012621432)*scale(0.14210578058313,0.14210578058313,0.14210578058313)"/>
                <model resource="PalmierLowPoly" transform="translate(-42.229043854794,-64.309690148598,0)*rotateZ(40.743012621432)*scale(0.14002173271797,0.14002173271797,0.14002173271797)"/>
                <model resource="PalmierLowPoly" transform="translate(-56.262511979706,-63.331610125742,0)*rotateZ(40.743012621432)*scale(0.17457734674656,0.17457734674656,0.17457734674656)"/>
                <model resource="PalmierLowPoly" transform="translate(-47.097633816583,-70.791098722615,0)*rotateZ(40.743012621432)*scale(0.16585511065579,0.16585511065579,0.16585511065579)"/>
                <model resource="PalmierLowPoly" transform="translate(-33.06023979124,-95.668937188754,0)*rotateZ(40.743012621432)*scale(0.18094300124885,0.18094300124885,0.18094300124885)"/>
                <model resource="PalmierLowPoly" transform="translate(11.163618150973,-134.06502208248,0)*rotateZ(40.743012621432)*scale(0.18829888605504,0.18829888605504,0.18829888605504)"/>
                <model resource="PalmierLowPoly" transform="translate(-14.310299800063,-112.12063340768,0)*rotateZ(40.743012621432)*scale(0.20034174798776,0.20034174798776,0.20034174798776)"/>
                <model resource="PalmierLowPoly" transform="translate(-132.53984454778,-6.7619151584918,0)*rotateZ(40.743012621432)*scale(0.24771892897569,0.24771892897569,0.24771892897569)"/>
                <model resource="PalmierLowPoly" transform="translate(-105.4807539512,-30.918391057833,0)*rotateZ(40.743012621432)*scale(0.30251869016769,0.30251869016769,0.30251869016769)"/>
                <model resource="PalmierLowPoly" transform="translate(-82.48660598318,-51.013343879001,0)*rotateZ(40.743012621432)*scale(0.24771892897569,0.24771892897569,0.24771892897569)"/>
                <model resource="PalmierLowPoly" transform="translate(0.31391061780414,2.5757821259687,0)*rotateZ(40.743012621432)*scale(0.11308689486816,0.11308689486816,0.11308689486816)"/>
                <model resource="PalmierLowPoly" transform="translate(7.1258830643592,-3.3209048430898,0)*rotateZ(40.743012621432)*scale(0.11493573268672,0.11493573268672,0.11493573268672)"/>
                <model resource="PalmierLowPoly" transform="translate(-1.7176858042748,0.041974832320193,0)*rotateZ(40.743012621432)*scale(0.10330497107465,0.10330497107465,0.10330497107465)"/>
                <model resource="PalmierLowPoly" transform="translate(5.123937227491,-5.6648939192641,0)*rotateZ(40.743012621432)*scale(0.10588735235246,0.10588735235246,0.10588735235246)"/>
                <model resource="PalmierLowPoly" transform="translate(-3.7934590481325,-2.6104559058632,0)*rotateZ(40.743012621432)*scale(0.11195123991769,0.11195123991769,0.11195123991769)"/>
                <model resource="PalmierLowPoly" transform="translate(2.8661290241283,-8.5983798213819,0)*rotateZ(40.743012621432)*scale(0.12331342748923,0.12331342748923,0.12331342748923)"/>
                <model resource="PalmierLowPoly" transform="translate(-6.4014701535203,-5.5267429137461,0)*rotateZ(40.743012621432)*scale(0.10085941883568,0.10085941883568,0.10085941883568)"/>
                <model resource="PalmierLowPoly" transform="translate(0.2866235902884,-11.079692775599,0)*rotateZ(40.743012621432)*scale(0.094704043043865,0.094704043043865,0.094704043043865)"/>
                <model resource="PalmierLowPoly" transform="translate(-8.6027940822088,-8.2029864282654,0)*rotateZ(40.743012621432)*scale(0.092926748382992,0.092926748382992,0.092926748382992)"/>
                <model resource="PalmierLowPoly" transform="translate(-1.8497137598536,-13.810830827153,0)*rotateZ(40.743012621432)*scale(0.10870989735411,0.10870989735411,0.10870989735411)"/>
            </layer>
            <layer name="B1-UL1" semanticTag="floor" type="VgSimpleLayer" archive="data/mauritiusmallbagatelle.B1-UL1.20161115.bin" distancePolicy="eWorldAxisZ" LODFactor="0.25" loadFactor="0.025">
            </layer>
            <layer name="B2-UL0" semanticTag="floor" type="VgSimpleLayer" archive="data/mauritiusmallbagatelle.B2-UL0.20161115.bin" distancePolicy="eWorldAxisZ" LODFactor="0.25" loadFactor="0.025">
            </layer>
            <layer name="B2-UL1" semanticTag="floor" type="VgSimpleLayer" archive="data/mauritiusmallbagatelle.B2-UL1.20161115.bin" distancePolicy="eWorldAxisZ" LODFactor="0.25" loadFactor="0.025">
            </layer>

            <limits>
                <min lat="-20.229593209337" lon="57.491403962839" height="0.0" />
                <max lat="-20.21915586428" lon="57.502461476674" height="50.0" />
            </limits>
        </dataset>
    </datasets>
</vgconfig>
