<?xml version="1.0" encoding="UTF-8"?>
<vglicense version="2">
	<keys>
		<key>
			<!-- License for PROD SDKv2 (NEVER expires) -->
			<license id="prod-ios-android" timeStamp="20161115154725000000"/>
			<secret code="gkH4dP+gqfbgYXNEArmbWg=="/>

			<machine code="*" expirationDate="never"/>

			<sdk id="VisioDevKit/2.0/iPhone/OGLES" expirationDate="never"/>
			<sdk id="VisioDevKit/2.0/iPhoneSimulator/OGLES" expirationDate="never"/>
			<sdk id="VisioDevKit/2.0/Android/OGLES" expirationDate="never"/>
			<sdk id="VisioDevKit/2.0/Android(ARM)/OGLES" expirationDate="never"/>

			<data id="mauritiusmallbagatelle.outside.20161115" expirationDate="never"/>
			<data id="mauritiusmallbagatelle.B1-UL0.20161115" expirationDate="never"/>
			<data id="mauritiusmallbagatelle.B1-UL1.20161115" expirationDate="never"/>
			<data id="mauritiusmallbagatelle.B2-UL0.20161115" expirationDate="never"/>
			<data id="mauritiusmallbagatelle.B2-UL1.20161115" expirationDate="never"/>

			<token name="com.visioglobe.modules.3d" value="1" expirationDate="never"/>
			<token name="com.visioglobe.modules.map" value="1" expirationDate="never"/>
			<token name="com.visioglobe.modules.routing" value="1" expirationDate="never"/>
			<token name="com.visioglobe.modules.navigation" value="1" expirationDate="never"/>

			<check code="aHFG4C+agaoTEL5KiE89sg=="/>
		</key>
	</keys>
</vglicense>
